{
  "project_info": {
    "project_number": "139641711270",
    "firebase_url": "https://trago-9cfe9-default-rtdb.firebaseio.com",
    "project_id": "trago-9cfe9",
    "storage_bucket": "trago-9cfe9.appspot.com"
  },
  "client": [
    {
      "client_info": {
        "mobilesdk_app_id": "1:139641711270:android:d036c02e1cb81defd1e267",
        "android_client_info": {
          "package_name": "com.app.tragoo_admin_pannel"
        }
      },
      "oauth_client": [
        {
          "client_id": "139641711270-uhtulg97ljnm9jjta43hvgh8tven9oc9.apps.googleusercontent.com",
          "client_type": 3
        }
      ],
      "api_key": [
        {
          "current_key": "AIzaSyDK4_MOfkcS5Jn33iqmyDTsByeeItFr3l4"
        }
      ],
      "services": {
        "appinvite_service": {
          "other_platform_oauth_client": [
            {
              "client_id": "139641711270-uhtulg97ljnm9jjta43hvgh8tven9oc9.apps.googleusercontent.com",
              "client_type": 3
            },
            {
              "client_id": "139641711270-t0ol9qr0f4s86ke1vmb5ah5744e2qo10.apps.googleusercontent.com",
              "client_type": 2,
              "ios_info": {
                "bundle_id": "com.app.tragoo"
              }
            }
          ]
        }
      }
    },
    {
      "client_info": {
        "mobilesdk_app_id": "1:139641711270:android:9e759db66934d9f9d1e267",
        "android_client_info": {
          "package_name": "com.app.tragoo_app"
        }
      },
      "oauth_client": [
        {
          "client_id": "139641711270-uhtulg97ljnm9jjta43hvgh8tven9oc9.apps.googleusercontent.com",
          "client_type": 3
        }
      ],
      "api_key": [
        {
          "current_key": "AIzaSyDK4_MOfkcS5Jn33iqmyDTsByeeItFr3l4"
        }
      ],
      "services": {
        "appinvite_service": {
          "other_platform_oauth_client": [
            {
              "client_id": "139641711270-uhtulg97ljnm9jjta43hvgh8tven9oc9.apps.googleusercontent.com",
              "client_type": 3
            },
            {
              "client_id": "139641711270-t0ol9qr0f4s86ke1vmb5ah5744e2qo10.apps.googleusercontent.com",
              "client_type": 2,
              "ios_info": {
                "bundle_id": "com.app.tragoo"
              }
            }
          ]
        }
      }
    }
  ],
  "configuration_version": "1"
}